{
  "circles": [
    {
      "center": [
        11.625,
        20.925
      ],
      "radius": 2.254994456755936
    },
    {
      "center": [
        18.825,
        11.175
      ],
      "radius": 3.4656574051686064
    }
  ],
  "rectangles": [
    {
      "corner1": [
        9.9,
        12.1125
      ],
      "corner2": [
        6.1125,
        6.375
      ]
    },
    {
      "corner1": [
        9.037500000000001,
        14.174999999999999
      ],
      "corner2": [
        15.975,
        9.975000000000001
      ]
    },
    {
      "corner1": [
        19.6875,
        14.1375
      ],
      "corner2": [
        21.675,
        24.412499999999998
      ]
    }
  ]
}